{"cameraMode":{"drawMode":0,"name":"Shaded","section":"Shading Mode"},"sceneLighting":true,"audioPlay":false,"sceneViewState":{"showFog":false,"showMaterialUpdate":false,"showSkybox":false,"showFlares":false,"showImageEffects":false,"showParticleSystems":false},"in2DMode":false,"pivot":{"x":100.0,"y":2.384185791015625e-7,"z":35.438594818115237},"rotation":{"x":-0.09883855283260346,"y":0.2987693250179291,"z":-0.03112635388970375,"w":-0.9486855268478394},"size":80.53942108154297,"orthographic":false}