{"cameraMode":{"drawMode":0,"name":"Shaded","section":"Shading Mode"},"sceneLighting":true,"audioPlay":false,"sceneViewState":{"showFog":false,"showMaterialUpdate":false,"showSkybox":false,"showFlares":false,"showImageEffects":false,"showParticleSystems":false},"in2DMode":false,"pivot":{"x":-0.4067200720310211,"y":-0.6009025573730469,"z":0.20051810145378114},"rotation":{"x":-0.13498814404010774,"y":-0.36597737669944765,"z":0.05374547094106674,"w":-0.9192153215408325},"size":6.830965995788574,"orthographic":false}