{"cameraMode":{"drawMode":0,"name":"Shaded","section":"Shading Mode"},"sceneLighting":true,"audioPlay":false,"sceneViewState":{"showFog":false,"showMaterialUpdate":false,"showSkybox":false,"showFlares":false,"showImageEffects":false,"showParticleSystems":false},"in2DMode":false,"pivot":{"x":0.0,"y":2.6047656536102297,"z":0.6190700531005859},"rotation":{"x":-0.4162396788597107,"y":-0.003548824694007635,"z":0.0016245614970102907,"w":-0.9092456698417664},"size":24.090476989746095,"orthographic":false}